"W", "0x9470", "0x84d0"
"W", "0x17ae8", "0x32c8"
"R", "0x2af8"
"W", "0x130b0", "0xcb20"
"R", "0xbb80"
"W", "0x101d0", "0xc738"
"R", "0x2328"
"W", "0xd2f0", "0x88b8"
"W", "0x13c68", "0x13498"
"W", "0x7d0", "0x14438"
"W", "0xe290", "0x12110"
"W", "0x1388", "0x12110"
"W", "0x105b8", "0x4e20"
"W", "0x16378", "0x11d28"
"W", "0x15f90", "0x4268"
"R", "0x4650"
"W", "0x32c8", "0xf230"
"R", "0x11940"
"W", "0x1388", "0xe678"
"R", "0x12110"
"W", "0x2ee0", "0x17700"
"R", "0x101d0"
"W", "0xe678", "0x157c0"
"R", "0x1388"
"W", "0x5208", "0x16f30"
"R", "0x4268"
"W", "0x105b8", "0x14438"
"R", "0xc738"
"R", "0x182b8"
"R", "0x6d60"
"R", "0x61a8"
"R", "0x105b8"
"R", "0xe678"
"W", "0xc350", "0x3a98"
"W", "0xb3b0", "0x36b0"
"W", "0xcf08", "0x16760"
"R", "0x16378"
"W", "0x16378", "0x3e8"
"R", "0x13498"
"W", "0x55f0", "0xb3b0"
"R", "0xcf08"
"W", "0x17318", "0xf230"
"R", "0x7148"
"W", "0x124f8", "0xf618"
"W", "0x13498", "0x16378"
"R", "0xc350"
"W", "0x182b8", "0x13c68"
"R", "0xcb20"
"R", "0x14438"
"R", "0x17318"
"W", "0xc738", "0x109a0"
"W", "0x14c08", "0x1770"
"R", "0x16f30"
"W", "0x101d0", "0xa410"
"W", "0x7148", "0x14820"
"W", "0x16760", "0x17700"
"R", "0x7d0"
"W", "0x17318", "0xafc8"
"W", "0x14438", "0x6590"
"W", "0xfde8", "0xa410"
"W", "0x59d8", "0xfa0"
"W", "0xdac0", "0x4e20"
"R", "0x11940"
"R", "0x2328"
"R", "0x157c0"
"W", "0x1f40", "0x1388"
"W", "0x17700", "0x7d00"
"W", "0x4268", "0x17318"
"W", "0x3e80", "0x17318"
"R", "0x17700"
"W", "0x16b48", "0x6590"
"R", "0xf618"
"R", "0xfa00"
"R", "0xc738"
"R", "0x9c40"
"W", "0x3a98", "0x4268"
"W", "0xe290", "0x16760"
"W", "0x3e8", "0x3e80"
"W", "0x9c40", "0x36b0"
"W", "0x17ae8", "0xafc8"
"W", "0x61a8", "0x4e20"
"R", "0xfa00"
"R", "0x17ed0"
"W", "0x105b8", "0x8ca0"
"R", "0x8ca0"
"W", "0xcf08", "0x157c0"
"W", "0x1f40", "0x0"
"W", "0x11940", "0x3e8"
"R", "0x3a98"
"W", "0x3e8", "0x12110"
"R", "0x17ae8"
"W", "0x13498", "0x9c40"
"R", "0x101d0"
"R", "0x14820"
"R", "0x4e20"
"R", "0x109a0"
"W", "0x55f0", "0xdac0"
"R", "0x15ba8"
"R", "0x9470"
"W", "0xfa0", "0xa410"
"R", "0x2710"
"R", "0x15f90"
"W", "0x5208", "0x11170"
"R", "0x2328"
"R", "0x6d60"
"W", "0x2710", "0x7d00"
"W", "0x105b8", "0xa028"
"R", "0x2af8"
"W", "0xee48", "0x6d60"
"R", "0x12cc8"
"R", "0x6590"
"W", "0x15ba8", "0xdac0"
"W", "0xf230", "0x2ee0"
"W", "0x7530", "0xea60"
"W", "0x7530", "0x105b8"
"R", "0xfa00"
"R", "0x8ca0"
"W", "0xb3b0", "0x182b8"
"W", "0x14ff0", "0x9858"
"R", "0x4268"
"R", "0x14438"
"W", "0x17700", "0xfa00"
"W", "0x9858", "0x1388"
"W", "0x7d00", "0x1b58"
"W", "0x153d8", "0x10d88"
"R", "0x2710"
"W", "0x32c8", "0xdea8"
"W", "0x182b8", "0x153d8"
"W", "0x101d0", "0x16760"
"W", "0xbb80", "0x124f8"
"W", "0x1388", "0x14438"
"W", "0x88b8", "0xf230"
"R", "0x3a98"
"W", "0x8ca0", "0xb3b0"
"R", "0x17ed0"
"W", "0xc350", "0x109a0"
"R", "0xfde8"
"W", "0x17ae8", "0xbb80"
"R", "0xc738"
"W", "0x17700", "0x9858"
"R", "0xe678"
"W", "0x3a98", "0x7d00"
"R", "0x101d0"
"W", "0x7d00", "0x14050"
"R", "0x14ff0"
"W", "0x2710", "0x16760"
"R", "0x17ed0"
"W", "0x59d8", "0x101d0"
"R", "0x157c0"
"R", "0x16378"
"R", "0x16b48"
"W", "0x17ed0", "0xdac0"
"R", "0xb798"
"W", "0x7d00", "0x59d8"
"R", "0x7918"
"R", "0xa028"
"W", "0x59d8", "0xc738"
"R", "0xf230"
"R", "0x10d88"
"W", "0xd6d8", "0x3e8"
"R", "0x13880"
"W", "0xee48", "0x14050"
"W", "0x84d0", "0xb798"
"R", "0x13498"
"R", "0xcb20"
"R", "0xb3b0"
"W", "0x2328", "0x7148"
"R", "0x36b0"
"W", "0x15ba8", "0xafc8"
"R", "0x59d8"
"R", "0xee48"
"R", "0x8ca0"
"W", "0x14c08", "0x13c68"
"R", "0x11170"
"W", "0x2ee0", "0xbb80"
"R", "0x1f40"
"W", "0x88b8", "0xb3b0"
"W", "0x1b58", "0xc738"
"W", "0x17318", "0xdea8"
"R", "0x17ae8"
"R", "0x11558"
"W", "0xb798", "0xd2f0"
"R", "0x17ed0"
"R", "0x5208"
"W", "0x32c8", "0x15f90"
"R", "0x2ee0"
"W", "0xfde8", "0xa410"
"W", "0xea60", "0x0"
"W", "0xb3b0", "0x11940"
"R", "0x1f40"
"W", "0x2af8", "0x157c0"
"R", "0xb798"
"R", "0xd2f0"
"W", "0xbf68", "0xfa00"
"R", "0x128e0"
"W", "0x6d60", "0x7148"
"W", "0x11170", "0x6590"
"R", "0x7918"
"R", "0x7530"
"W", "0x105b8", "0xa028"
"W", "0x14820", "0x17700"
"W", "0x9470", "0x16378"
"R", "0x11558"
"W", "0xcb20", "0xc738"
"R", "0x1b58"
"R", "0x17ed0"
"W", "0x105b8", "0x5208"
"W", "0x2328", "0x2328"
"W", "0xdea8", "0xb3b0"
"R", "0x36b0"
"R", "0x15ba8"
"W", "0x2af8", "0x1b58"
"W", "0x128e0", "0x9088"
"R", "0x182b8"
"R", "0x1f40"
"R", "0xa410"
"R", "0x7d0"
"R", "0x15ba8"
"R", "0x16b48"
"R", "0x5dc0"
"R", "0xa410"
"R", "0x0"
"R", "0x80e8"
"R", "0xcf08"
"W", "0xdea8", "0x182b8"
"R", "0x13c68"
"W", "0x14ff0", "0x10d88"
"W", "0xd6d8", "0x105b8"
"W", "0xbb8", "0x16760"
"R", "0xbb8"
"R", "0x14820"
"W", "0x4650", "0xee48"
"W", "0x5208", "0xdea8"
"R", "0xf230"
"R", "0xdea8"
"W", "0xcb20", "0xee48"
"R", "0x4a38"
"W", "0x1770", "0x2328"
"R", "0x3a98"
"R", "0x2af8"
"W", "0x14c08", "0x84d0"
"W", "0x16760", "0x14820"
"W", "0x124f8", "0x59d8"
"W", "0x4a38", "0x84d0"
"W", "0x17700", "0xee48"
"R", "0x0"
"R", "0xcb20"
"W", "0x16378", "0x8ca0"
"W", "0x14c08", "0xafc8"
"W", "0x157c0", "0x1f40"
"W", "0x15f90", "0x105b8"
"R", "0x14820"
"W", "0x14c08", "0x15f90"
"R", "0x59d8"
"R", "0x17700"
"W", "0xa028", "0x5208"
"R", "0x0"
"W", "0x14820", "0x61a8"
"W", "0xdac0", "0x101d0"
"R", "0xe290"
"R", "0x13c68"
"R", "0x6590"
"W", "0x55f0", "0x7918"
"R", "0x5dc0"
"W", "0xee48", "0x9858"
"W", "0xe678", "0x153d8"
"W", "0xe678", "0x130b0"
"R", "0xee48"
"W", "0x1388", "0x128e0"
"R", "0x7148"
"W", "0x4e20", "0x9088"
"R", "0x128e0"
"W", "0xdac0", "0x15f90"
"W", "0xbf68", "0xfa00"
"W", "0x9858", "0x1f40"
"R", "0x6978"
"W", "0x9470", "0x80e8"
"R", "0xe678"
"W", "0x101d0", "0x15f90"
"W", "0x36b0", "0x1f40"
"R", "0x105b8"
"W", "0x7918", "0x14050"
"W", "0xfa0", "0x6978"
"W", "0xcb20", "0x55f0"
"R", "0x61a8"
"R", "0x11940"
"R", "0x88b8"
"W", "0x12cc8", "0x130b0"
"W", "0x13498", "0x7530"
"R", "0xc738"
"R", "0x4a38"
"R", "0x7918"
"R", "0xdea8"
"R", "0x16760"
"R", "0x11d28"
"R", "0xabe0"
"R", "0x157c0"
"W", "0x1388", "0x0"
"W", "0x1b58", "0x14c08"
"W", "0xb798", "0x2af8"
"W", "0xb798", "0x128e0"
"W", "0x17ae8", "0xdea8"
"W", "0x130b0", "0xcb20"
"R", "0x16f30"
"W", "0x7d0", "0xd6d8"
"R", "0x157c0"
"W", "0x109a0", "0x17ed0"
"R", "0x1770"
"W", "0x1388", "0xfa0"
"W", "0x153d8", "0xe678"
"W", "0x2710", "0xa410"
"R", "0x6d60"
"W", "0x3e8", "0xf230"
"R", "0x12cc8"
"R", "0x5208"
"W", "0xdea8", "0x3e80"
"R", "0x0"
"R", "0xbf68"
"W", "0x3e80", "0x36b0"
"R", "0x14ff0"
"W", "0xfa00", "0xb798"
"W", "0x84d0", "0x7530"
"R", "0xd6d8"
"R", "0x6590"
"W", "0x59d8", "0xbb8"
"R", "0xea60"
"W", "0xee48", "0x17700"
"R", "0x12cc8"
"R", "0x2ee0"
"W", "0x101d0", "0xa7f8"
"W", "0x16760", "0xfa0"
"W", "0xfa00", "0x7918"
"R", "0x7d00"
"W", "0x17ed0", "0xa410"
"R", "0xc738"
"R", "0x7530"
"R", "0x182b8"
"W", "0xfa00", "0x4650"
"R", "0x8ca0"
"R", "0x32c8"
"W", "0x7d0", "0x13498"
"R", "0x1b58"
"R", "0xfa0"
"W", "0x105b8", "0x2af8"
"R", "0x14820"
"R", "0x1f40"
"R", "0xf618"
"W", "0xc738", "0x0"
"R", "0x16760"
"R", "0xb798"
"W", "0x2ee0", "0xbb80"
"W", "0xf230", "0x130b0"
"W", "0x6d60", "0x11d28"
"W", "0xf230", "0x16378"
"R", "0x4a38"
"W", "0x9c40", "0x32c8"
"R", "0x16378"
"R", "0xbf68"
"R", "0xb3b0"
"R", "0x1770"
"R", "0x153d8"
"W", "0xe290", "0x4650"
"W", "0x11170", "0x61a8"
"W", "0xd6d8", "0x15f90"
"R", "0x14438"
"W", "0x59d8", "0x4e20"
"W", "0x130b0", "0x2328"
"R", "0x105b8"
"R", "0x7918"
"R", "0x11940"
"W", "0x128e0", "0x14c08"
"R", "0x17ed0"
"W", "0x7d00", "0x59d8"
"R", "0x5208"
"W", "0x130b0", "0xfa00"
"R", "0x5208"
"R", "0x153d8"
"W", "0xfde8", "0x6590"
"W", "0x7148", "0xd6d8"
"W", "0x10d88", "0x1f40"
"W", "0x1388", "0xc738"
"W", "0x13498", "0x130b0"
"R", "0xc350"
"R", "0x9088"
"W", "0xcb20", "0x14ff0"
"R", "0xa410"
"W", "0x11d28", "0x1b58"
"R", "0x109a0"
"R", "0x1388"
"W", "0xfa0", "0x5dc0"
"R", "0x12cc8"
"R", "0xea60"
"R", "0x6d60"
"R", "0x84d0"
"R", "0x15f90"
"W", "0x80e8", "0x2710"
"R", "0x101d0"
"W", "0x124f8", "0xdac0"
"W", "0xe678", "0xcf08"
"W", "0x6590", "0x3a98"
"R", "0x0"
"W", "0x14050", "0xe678"
"W", "0x5208", "0x3e8"
"R", "0xea60"
"W", "0x14c08", "0x14438"
"W", "0x17ae8", "0x10d88"
"R", "0x8ca0"
"W", "0x13880", "0x109a0"
"W", "0x124f8", "0x6d60"
"R", "0x61a8"
"R", "0x153d8"
"W", "0x7918", "0x130b0"
"R", "0x1388"
"R", "0x1388"
"W", "0x14c08", "0x3a98"
"R", "0x130b0"
"W", "0x2ee0", "0x32c8"
"W", "0x16b48", "0x109a0"
"R", "0x6590"
"W", "0xfa0", "0x6978"
"R", "0x16b48"
"W", "0x11d28", "0x14c08"
"W", "0x1388", "0x17ed0"
"W", "0x7148", "0xbb8"
"W", "0xc738", "0x36b0"
"W", "0xcf08", "0x4a38"
"W", "0x7918", "0x61a8"
"R", "0xea60"
"R", "0xd2f0"
"R", "0xcb20"
"W", "0x32c8", "0xb798"
"R", "0x2af8"
"R", "0xabe0"
"R", "0xf618"
"W", "0xabe0", "0x15f90"
"R", "0xbf68"
"R", "0x9c40"
"R", "0x14c08"
"W", "0xabe0", "0xf230"
"W", "0x7530", "0xcf08"
"R", "0xa7f8"
"R", "0x3e8"
"R", "0xbf68"
"W", "0xdac0", "0xcf08"
"W", "0xabe0", "0xd6d8"
"W", "0xd2f0", "0xf618"
"W", "0x4650", "0x153d8"
"R", "0x153d8"
"R", "0x153d8"
"R", "0x157c0"
"R", "0x7530"
"W", "0x4a38", "0x17ed0"
"R", "0x9c40"
"W", "0x13880", "0x12cc8"
"W", "0xee48", "0x11940"
"R", "0xea60"
"W", "0x2af8", "0x5dc0"
"R", "0x0"
"R", "0x2328"
"R", "0x14438"
"W", "0x6590", "0x14ff0"
"R", "0x17700"
"R", "0x109a0"
"R", "0x9088"
"W", "0x3a98", "0x11940"
"R", "0x4e20"
"W", "0x17ed0", "0x16b48"
"W", "0x16378", "0x0"
"R", "0x16b48"
"W", "0x3e80", "0x14820"
"R", "0x13880"
"W", "0x16760", "0x5dc0"
"W", "0x182b8", "0x101d0"
"R", "0x9088"
"R", "0x14820"
"W", "0x9470", "0x1388"
"R", "0x7918"
"R", "0x32c8"
"W", "0xa7f8", "0xdea8"
"R", "0x109a0"
"W", "0xfde8", "0xd2f0"
"W", "0xbf68", "0x14c08"
"R", "0xea60"
"R", "0xc350"
"W", "0x59d8", "0x11d28"
"R", "0xd6d8"
"W", "0x7530", "0xb798"
"W", "0x7918", "0x17700"
"W", "0x16760", "0xc738"
"R", "0x12cc8"
"R", "0x6590"
"R", "0x6590"
"R", "0x16760"
"W", "0x157c0", "0xafc8"
"R", "0x14c08"
"R", "0x11d28"
"R", "0x12cc8"
"R", "0x157c0"
"W", "0x7d00", "0x15f90"
"R", "0x9088"
"W", "0x9c40", "0x2710"
"W", "0x7530", "0xb798"
"W", "0x8ca0", "0x12cc8"
"W", "0x7918", "0xe290"
"W", "0xbb80", "0xbb8"
"R", "0x10d88"
"W", "0x1770", "0x0"
"R", "0x59d8"
"R", "0x3e8"
"R", "0xbf68"
"W", "0xa7f8", "0x13c68"
"R", "0x3e8"
"R", "0x59d8"
"W", "0x4650", "0x101d0"
"R", "0x9858"
"R", "0x17ed0"
"R", "0x14050"
"W", "0x4e20", "0x11940"
"R", "0x124f8"
"R", "0x11558"
"R", "0xa028"
"R", "0x13c68"
"W", "0x17ed0", "0x2328"
"W", "0x10d88", "0xfa00"
"R", "0x7918"
"R", "0x6590"
"R", "0x61a8"
"W", "0x16378", "0x9088"
"W", "0x11940", "0x11170"
"R", "0x61a8"
"W", "0x11d28", "0x4e20"
"W", "0x182b8", "0xbb8"
"W", "0xea60", "0x0"
"R", "0x16f30"
"R", "0x16b48"
"W", "0xd2f0", "0x17700"
"W", "0x3a98", "0x55f0"
"W", "0x11940", "0x36b0"
"W", "0x3e80", "0xb798"
"W", "0xd6d8", "0xdac0"
"W", "0x61a8", "0x55f0"
"R", "0x2710"
"W", "0x2af8", "0x7918"
"W", "0x4268", "0x32c8"
"W", "0x2710", "0x1b58"
"W", "0x13c68", "0xee48"
"R", "0xa410"
"W", "0x10d88", "0x16b48"
"R", "0xee48"
"W", "0x6978", "0x14438"
"R", "0x124f8"
"R", "0x3e8"
"R", "0xfde8"
"W", "0x13498", "0x7530"
"W", "0x14050", "0x17ed0"
"R", "0xfde8"
"R", "0x7148"
"W", "0x11d28", "0xa7f8"
"R", "0x7d0"
"W", "0x11d28", "0x16b48"
"R", "0x7148"
"R", "0x0"
"W", "0x3e8", "0x12cc8"
"R", "0x182b8"
"W", "0x55f0", "0xea60"
"R", "0x11558"
"W", "0x124f8", "0xa028"
"R", "0x13880"
"W", "0x5208", "0x5dc0"
"R", "0x11d28"
"W", "0x7530", "0xc738"
"W", "0xdac0", "0x9088"
"W", "0x1b58", "0x128e0"
"W", "0xea60", "0x7530"
"W", "0x6590", "0xc350"
"R", "0x4a38"
"W", "0x4268", "0x2710"
"W", "0x88b8", "0xabe0"
"R", "0xfa00"
"W", "0x5208", "0x5dc0"
"W", "0x4e20", "0x11d28"
"W", "0x0", "0xcb20"
"W", "0x15f90", "0x6d60"
"R", "0x153d8"
"R", "0xd2f0"
"W", "0x14438", "0x7d0"
"R", "0x1388"
"R", "0xea60"
"W", "0x15ba8", "0x14438"
"W", "0x14ff0", "0x11170"
"R", "0x2ee0"
"W", "0xa028", "0x2af8"
"R", "0x5dc0"
"W", "0xd2f0", "0x9470"
"W", "0x109a0", "0xcf08"
"R", "0x13c68"
"W", "0xfde8", "0xf230"
"W", "0x16378", "0xbb8"
"R", "0xf230"
"W", "0x1770", "0x16f30"
"R", "0x14ff0"
"W", "0xd6d8", "0xb3b0"
"R", "0xe678"
"W", "0xd2f0", "0x12110"
"W", "0xa028", "0x16b48"
"R", "0xa410"
"W", "0x10d88", "0x5dc0"
"W", "0x153d8", "0xbb80"
"W", "0xb798", "0x2328"
"R", "0x14c08"
"R", "0xa410"
"W", "0x59d8", "0x157c0"
"R", "0xdea8"
"R", "0xf230"
"R", "0xbf68"
"R", "0xe678"
"R", "0x14820"
"R", "0x16f30"
"R", "0x80e8"
"W", "0xa410", "0x1388"
"R", "0x10d88"
"R", "0x4268"
"W", "0xa028", "0x1f40"
"R", "0x2328"
"R", "0x16f30"
"W", "0x16378", "0x2710"
"W", "0x36b0", "0x12110"
"W", "0x16378", "0x16760"
"R", "0x16378"
"R", "0x2ee0"
"R", "0x2ee0"
"R", "0x1f40"
"W", "0x2af8", "0xbb8"
"W", "0x80e8", "0xea60"
"W", "0xfa00", "0xfde8"
"R", "0x7d0"
"R", "0xbb80"
"W", "0x2710", "0x5dc0"
"R", "0x1f40"
"R", "0x1f40"
"W", "0xbb80", "0x153d8"
"W", "0x9c40", "0x6d60"
"W", "0x61a8", "0x17700"
"W", "0x17ae8", "0xf230"
"W", "0x3e8", "0x11d28"
"R", "0x84d0"
"W", "0xe290", "0x17ed0"
"R", "0x4e20"
"R", "0x16760"
"W", "0x7d0", "0x32c8"
"R", "0x5208"
"W", "0xea60", "0xbb80"
"W", "0x17318", "0xfde8"
"R", "0x8ca0"
"W", "0x61a8", "0xfa0"
"R", "0x17700"
"W", "0xfa0", "0x101d0"
"W", "0x12cc8", "0x14c08"
"W", "0x128e0", "0xfa00"
"R", "0xc350"
"R", "0xfa0"
"R", "0x9858"
"R", "0x80e8"
"R", "0xe678"
"W", "0x5dc0", "0x16760"
"W", "0xf230", "0x17700"
"R", "0x124f8"
"R", "0xf230"
"W", "0xe678", "0x5dc0"
"R", "0xfa00"
"W", "0x12110", "0x3e80"
"R", "0x5208"
"W", "0x109a0", "0x16378"
"W", "0x2ee0", "0x14438"
"R", "0x8ca0"
"W", "0x7530", "0x128e0"
"R", "0x12110"
"R", "0x6978"
"R", "0x2328"
"W", "0x3a98", "0xdac0"
"R", "0x153d8"
"R", "0x8ca0"
"R", "0x5208"
"R", "0x88b8"
"W", "0x17ae8", "0xfa00"
"R", "0x13c68"
"R", "0xee48"
"W", "0x7148", "0x14820"
"W", "0x12110", "0xc350"
"W", "0x1388", "0x17ed0"
"W", "0x59d8", "0x3e80"
"W", "0x6590", "0x32c8"
"R", "0x11940"
"R", "0x124f8"
"W", "0x1770", "0x7d00"
"R", "0x55f0"
"R", "0x10d88"
"W", "0xafc8", "0xb798"
"W", "0xfa0", "0x14438"
"R", "0x32c8"
"W", "0x16f30", "0x8ca0"
"W", "0x13c68", "0x17ed0"
"W", "0x1f40", "0xdea8"
"W", "0x157c0", "0x13498"
"W", "0x105b8", "0x17700"
"W", "0xe678", "0x9088"
"W", "0x7918", "0x88b8"
"R", "0x109a0"
"W", "0x13c68", "0x7148"
"R", "0x7d00"
"W", "0x7530", "0x9c40"
"R", "0x9858"
"W", "0x7d0", "0x1388"
"R", "0x17ed0"
"W", "0x55f0", "0x16f30"
"R", "0x109a0"
"W", "0x7148", "0x2ee0"
"W", "0x130b0", "0x9470"
"W", "0x17ae8", "0x5208"
"R", "0x32c8"
"R", "0xbb8"
"R", "0xe678"
"R", "0x182b8"
"W", "0x2ee0", "0x13880"
"W", "0x36b0", "0xd6d8"
"W", "0x10d88", "0xb798"
"W", "0x16378", "0xbb8"
"R", "0xdac0"
"W", "0xfa00", "0x0"
"W", "0x2ee0", "0x124f8"
"W", "0xf618", "0x59d8"
"W", "0xe678", "0x16760"
"R", "0x7d00"
"R", "0x11d28"
"W", "0x153d8", "0x3e80"
"W", "0x17ed0", "0xee48"
"W", "0x6978", "0x16760"
"R", "0x2af8"
"R", "0x7530"
"R", "0x6d60"
"W", "0xc738", "0xdac0"
"W", "0x9858", "0x6d60"
"W", "0x2ee0", "0xd6d8"
"R", "0xc738"
"R", "0x16b48"
"W", "0x2af8", "0x13498"
"W", "0x7530", "0x36b0"
"W", "0x11170", "0x2328"
"W", "0x59d8", "0xfde8"
"W", "0x84d0", "0x7918"
"R", "0x14050"
"W", "0xee48", "0x17318"
"R", "0x101d0"
"R", "0x3e8"
"R", "0xfde8"
"R", "0x17318"
"W", "0xc738", "0x153d8"
"W", "0x15ba8", "0x15f90"
"R", "0x128e0"
"R", "0xea60"
"W", "0xbf68", "0x14ff0"
"R", "0x2af8"
"W", "0xfde8", "0x16b48"
"R", "0x0"
"W", "0x124f8", "0x6590"
"W", "0x11558", "0x14c08"
"R", "0x4a38"
"R", "0x2710"
"W", "0x130b0", "0xd2f0"
"W", "0xafc8", "0x182b8"
"R", "0x17318"
"W", "0x12110", "0x36b0"
"W", "0x1388", "0x2af8"
"W", "0x16f30", "0x15f90"
"W", "0xafc8", "0xd6d8"
"R", "0x88b8"
"R", "0x14438"
"R", "0xfde8"
"R", "0x130b0"
"W", "0x5dc0", "0x2af8"
"W", "0xdea8", "0xb798"
"W", "0x84d0", "0xe290"
"W", "0xfa0", "0x2328"
"W", "0x32c8", "0x88b8"
"W", "0x1b58", "0x13498"
"W", "0xea60", "0x4e20"
"W", "0x55f0", "0xfa0"
"W", "0x88b8", "0x14ff0"
"W", "0x14050", "0x128e0"
"W", "0x182b8", "0x15ba8"
"R", "0xdac0"
"R", "0x153d8"
"W", "0x61a8", "0x14050"
"R", "0xdea8"
"W", "0x12cc8", "0x59d8"
"W", "0xcf08", "0x13498"
"W", "0xafc8", "0x124f8"
"W", "0xe678", "0x80e8"
"W", "0xa7f8", "0xc738"
"R", "0x14820"
"R", "0x6590"
"R", "0x6978"
"R", "0xb798"
"R", "0x0"
"W", "0x157c0", "0x109a0"
"W", "0x153d8", "0x80e8"
"R", "0x16f30"
"R", "0x3e8"
"W", "0xbb80", "0x16f30"
"W", "0x6978", "0x15ba8"
"R", "0x9c40"
"R", "0x11170"
"R", "0x153d8"
"W", "0x12cc8", "0xa028"
"W", "0x13c68", "0xcb20"
"R", "0x9858"
"R", "0x9088"
"W", "0x0", "0xe678"
"R", "0x12110"
"R", "0x13498"
"W", "0xdac0", "0x88b8"
"W", "0xe678", "0xcf08"
"R", "0xc738"
"R", "0x2328"
"W", "0xdea8", "0xe678"
"W", "0x2710", "0xcb20"
"W", "0x0", "0x16378"
"R", "0x14050"
"W", "0xc738", "0x15f90"
"R", "0x14820"
"R", "0xa028"
"R", "0x16760"
"W", "0x3e80", "0xb798"
"W", "0xa028", "0x14c08"
"R", "0x7918"
"W", "0xfde8", "0xbb80"
"W", "0x9088", "0x36b0"
"W", "0x9858", "0xe678"
"R", "0xf618"
"W", "0x124f8", "0x3e8"
"W", "0xabe0", "0xcf08"
"W", "0x17ed0", "0x7918"
"R", "0x153d8"
"R", "0x16b48"
"W", "0x11940", "0x130b0"
"W", "0x105b8", "0xf618"
"R", "0x10d88"
"R", "0x11940"
"R", "0x4e20"
"R", "0xf618"
"W", "0x4a38", "0x16760"
"W", "0xabe0", "0x7d0"
"R", "0xabe0"
"R", "0xa410"
"R", "0x1770"
"R", "0x11170"
"R", "0x16b48"
"R", "0x7530"
"R", "0x7918"
"R", "0xee48"
"W", "0x101d0", "0x2af8"
"R", "0x2328"
"W", "0x14820", "0x14ff0"
"R", "0x15f90"
"W", "0x6d60", "0x59d8"
"R", "0x11d28"
"W", "0xf618", "0xabe0"
"W", "0x7148", "0xcb20"
"R", "0x15f90"
"W", "0x36b0", "0x59d8"
"W", "0x157c0", "0xee48"
"R", "0x15ba8"
"W", "0xf230", "0xbb80"
"R", "0x3a98"
"R", "0x61a8"
"R", "0x182b8"
"W", "0xea60", "0x7148"
"R", "0x14c08"
"R", "0x4268"
"R", "0x153d8"
"R", "0x61a8"
"W", "0x16b48", "0xd2f0"
"R", "0x59d8"
"W", "0x16760", "0x101d0"
"R", "0x7d0"
"R", "0x4268"
"R", "0xa028"
"W", "0xf230", "0x17700"
"R", "0x1b58"
"W", "0x7918", "0xb798"
"R", "0x5dc0"
"W", "0x4268", "0x153d8"
"R", "0xee48"
"W", "0x6978", "0x5208"
"R", "0x11558"
"R", "0x16b48"
"R", "0x14050"
"W", "0x14ff0", "0x14ff0"
"R", "0x10d88"
"R", "0x11170"
"R", "0xa410"
"W", "0x6590", "0x2328"
"W", "0x8ca0", "0x130b0"
"W", "0xc738", "0x16b48"
"R", "0x11558"
"R", "0x124f8"
"W", "0x59d8", "0x128e0"
"R", "0xee48"
"R", "0x2ee0"
"R", "0x1770"
"R", "0xcf08"
"R", "0x7d00"
"R", "0x101d0"
"R", "0x12cc8"
"W", "0x9088", "0x16b48"
"W", "0x14820", "0xfa00"
"R", "0xabe0"
"R", "0x55f0"
"R", "0x88b8"
"W", "0x130b0", "0x7918"
"R", "0x1b58"
"W", "0xfa0", "0x61a8"
"R", "0x6d60"
"R", "0x9858"
"W", "0x7918", "0xee48"
"R", "0xea60"
"W", "0x0", "0xc738"
"W", "0x101d0", "0x55f0"
"R", "0x17ed0"
"W", "0x182b8", "0xd6d8"
"W", "0x9858", "0x36b0"
"R", "0x182b8"
"R", "0x2ee0"
"W", "0xfa0", "0x124f8"
"W", "0x10d88", "0x1388"
"W", "0xea60", "0x16760"
"W", "0xa7f8", "0x14438"
"R", "0xb798"
"R", "0x2ee0"
"W", "0xd2f0", "0x59d8"
"R", "0xfa0"
"R", "0x6590"
"R", "0x15f90"
"W", "0x14c08", "0xcb20"
"W", "0x55f0", "0x6d60"
"W", "0x14050", "0x124f8"
"R", "0xea60"
"R", "0x9c40"
"W", "0x13498", "0x10d88"
"W", "0x88b8", "0xdac0"
"W", "0x157c0", "0xdac0"
"W", "0x157c0", "0xbf68"
"W", "0xb798", "0x84d0"
"W", "0xbf68", "0xafc8"
"R", "0x17700"
"R", "0xd2f0"
"W", "0x105b8", "0x2328"
"W", "0x14438", "0x61a8"
"W", "0xa410", "0xa7f8"
"W", "0x17700", "0x14438"
"R", "0xe290"
"W", "0xc350", "0x1770"
"R", "0x5dc0"
"W", "0xabe0", "0x61a8"
"W", "0x1388", "0x15f90"
"R", "0x16b48"
"W", "0x80e8", "0x11d28"
"W", "0x7148", "0xf618"
"R", "0x32c8"
"W", "0x12cc8", "0x16378"
"R", "0x12110"
"R", "0x59d8"
"R", "0x7530"
"W", "0x80e8", "0x3a98"
"R", "0x7148"
"W", "0x6590", "0x2af8"
"R", "0x15ba8"
"W", "0x17700", "0x2710"
"R", "0x7d0"
"R", "0xdea8"
"R", "0x6d60"
"R", "0x84d0"
"R", "0x105b8"
"R", "0xd6d8"
"W", "0xd6d8", "0x0"
"R", "0x11d28"
"R", "0x153d8"
"R", "0xc738"
"R", "0xfa00"
"R", "0xc738"
"R", "0xee48"
"R", "0x32c8"
"W", "0xa028", "0x2328"
"W", "0x0", "0x7d0"
"W", "0x17ae8", "0x15f90"
"R", "0xcb20"
"W", "0xafc8", "0x2328"
"R", "0x17700"
"W", "0x14ff0", "0x7530"
"W", "0xabe0", "0x157c0"
"R", "0xea60"
"W", "0x88b8", "0x7d0"
"R", "0x2af8"
"R", "0x2710"
"W", "0x14820", "0x11558"
"R", "0x4e20"
"R", "0x101d0"
"R", "0x2710"
"W", "0xe678", "0x6978"
"R", "0xe678"
"R", "0x130b0"
"R", "0x9470"
"R", "0x157c0"
"W", "0x1f40", "0x3a98"
"W", "0x14050", "0xafc8"
"W", "0x55f0", "0x2328"
"R", "0xa7f8"
"W", "0x14820", "0x15ba8"
"R", "0x88b8"
"W", "0x4650", "0x2710"
"W", "0xa028", "0x11170"
"W", "0x59d8", "0xd2f0"
"W", "0x128e0", "0x84d0"
"R", "0x128e0"
"R", "0x3e80"
"W", "0xa028", "0x2328"
"R", "0x1f40"
"W", "0x0", "0x6590"
"W", "0xb798", "0x36b0"
"R", "0x16378"
"W", "0x9858", "0x4650"
"R", "0xa7f8"
"R", "0x14c08"
"W", "0xb798", "0xe290"
"R", "0xcf08"
"R", "0xf618"
"R", "0x1388"
"W", "0xee48", "0xb798"
"R", "0x5208"
"W", "0x14c08", "0x4268"
"R", "0xf230"
"W", "0x14050", "0x1b58"
"R", "0x2af8"
"R", "0x55f0"
"R", "0x14820"
"R", "0xf230"
"R", "0x101d0"
"W", "0x13498", "0x55f0"
"R", "0x16f30"
"W", "0xf618", "0x9858"
"W", "0x4e20", "0x55f0"
"W", "0x15f90", "0x15ba8"
"W", "0x17ae8", "0x61a8"
"W", "0x1388", "0x1b58"
"R", "0x15f90"
"W", "0x130b0", "0x2ee0"
"R", "0xf230"
"R", "0x2710"
"R", "0x7530"
"R", "0x7148"
"R", "0x0"
"W", "0xd2f0", "0x128e0"
"R", "0x7148"
"W", "0x61a8", "0x128e0"
"W", "0x101d0", "0x15f90"
"W", "0x0", "0xd2f0"
"W", "0xdac0", "0x36b0"
"W", "0x105b8", "0x36b0"
"R", "0x8ca0"
"R", "0xf230"
"W", "0x9858", "0x157c0"
"R", "0xcf08"
"W", "0x4e20", "0x55f0"
"R", "0xdea8"
"R", "0x1f40"
"W", "0xa7f8", "0x12cc8"
"W", "0xbb80", "0xe678"
"W", "0x0", "0xcf08"
"R", "0x16760"
"R", "0x17ed0"
"R", "0x3a98"
"R", "0x16f30"
"W", "0x55f0", "0x7530"
"R", "0x1770"
"W", "0x13c68", "0x2af8"
"R", "0x17ae8"
"R", "0x16378"
"R", "0x17ae8"
"W", "0x9470", "0xbb80"
"W", "0xb3b0", "0xfa00"
"W", "0x13880", "0x7d00"
"W", "0xbb8", "0x14050"
"W", "0xc738", "0x7918"
"W", "0x124f8", "0x7d0"
"W", "0xbb8", "0x80e8"
"R", "0x7530"
"R", "0xcf08"
"W", "0x12cc8", "0x3a98"
"W", "0x11170", "0x36b0"
"W", "0x9470", "0xfa00"
"W", "0x80e8", "0x2ee0"
"W", "0xa410", "0x11d28"
"W", "0x2ee0", "0x16b48"
"W", "0x4e20", "0xd6d8"
"R", "0x5208"
"R", "0x11940"
"W", "0x15ba8", "0x13880"
"R", "0x14438"
"R", "0x12cc8"
"R", "0x157c0"
"R", "0xd6d8"
"R", "0x61a8"
"W", "0x1388", "0x101d0"
"R", "0xc350"
"R", "0x9858"
"R", "0x13498"
"R", "0x10d88"
"W", "0x7918", "0xe678"
"W", "0x5dc0", "0x130b0"
"R", "0xc738"
"W", "0x13498", "0x3e80"
"R", "0x4268"
"W", "0x9858", "0x80e8"
"W", "0x2328", "0x88b8"
"W", "0x9c40", "0x11170"
"W", "0x15ba8", "0x15ba8"
"R", "0xfa0"
"R", "0x182b8"
"W", "0x105b8", "0xc738"
"R", "0xfa0"
"W", "0x16378", "0x14438"
"R", "0x10d88"
"R", "0xb798"
"R", "0x80e8"
"R", "0x55f0"
"R", "0x7d0"
"R", "0x7530"
"W", "0x5208", "0xcf08"
"R", "0x17ae8"
"R", "0xb798"
"R", "0x84d0"
"W", "0xf230", "0x17318"
"R", "0x2710"
"W", "0x2328", "0x17ae8"
"W", "0xb3b0", "0x4a38"
"R", "0x8ca0"
"R", "0x7918"
"W", "0x4650", "0x2ee0"
"R", "0xea60"
"W", "0x7918", "0x4268"
"W", "0x16378", "0x9470"
"W", "0x15ba8", "0x124f8"
"R", "0xdea8"
"W", "0x4e20", "0xfa00"
"W", "0x3e80", "0xbf68"
"W", "0x1b58", "0x6d60"
"R", "0x61a8"
"R", "0x2328"
"R", "0x2710"
"R", "0xbb80"
"R", "0x17700"
"W", "0xcf08", "0xe290"
"W", "0xe678", "0x3e80"
"W", "0x0", "0x124f8"
"W", "0x2af8", "0x10d88"
"W", "0x16760", "0x12110"
"R", "0x16760"
"R", "0xf230"
"W", "0xcf08", "0x84d0"
"R", "0xe290"
"R", "0x105b8"
"W", "0x9858", "0xee48"
"W", "0x4a38", "0xdac0"
"W", "0x13880", "0x14438"
"R", "0xe290"
"R", "0x6590"
"R", "0x17700"
"W", "0x9c40", "0x130b0"
"R", "0x17318"
"W", "0x4e20", "0x55f0"
"R", "0x4e20"
"W", "0xee48", "0x7148"
"W", "0x9c40", "0xea60"
"R", "0x4268"
"W", "0x14050", "0x2710"
"W", "0xf230", "0x5208"
"W", "0x16760", "0x4a38"
"W", "0x4e20", "0x17318"
"W", "0x11d28", "0xe290"
"R", "0x5dc0"
"R", "0x55f0"
"W", "0x4268", "0x61a8"
"W", "0x4650", "0xabe0"
"R", "0x128e0"
"R", "0x16b48"
"W", "0xcf08", "0xb798"
"R", "0x2af8"
"W", "0x0", "0x16b48"
"R", "0x9c40"
"W", "0x182b8", "0x11558"
"R", "0x6978"
"R", "0x1f40"
"W", "0xe678", "0x105b8"
"W", "0xd2f0", "0x6590"
"W", "0x15ba8", "0x2328"
"R", "0xea60"
"R", "0x14c08"
"W", "0x7d00", "0x10d88"
"R", "0x9c40"
"R", "0x80e8"
"W", "0x15ba8", "0xfde8"
"W", "0xb798", "0x7530"
"R", "0xbf68"
"W", "0xea60", "0x1770"
"R", "0x32c8"
"W", "0x105b8", "0xbb8"
"W", "0x1b58", "0x16760"
"W", "0x13498", "0x16b48"
"R", "0x2328"
"R", "0x15ba8"
"W", "0x59d8", "0xabe0"
"R", "0xcb20"
"W", "0x2328", "0x109a0"
"W", "0x157c0", "0x6d60"
"R", "0x12110"
"W", "0x55f0", "0x9470"
"W", "0x1f40", "0x124f8"
"R", "0x6d60"
"R", "0x7918"
"W", "0x11558", "0x157c0"
"W", "0x4650", "0xcb20"
"R", "0xdac0"
"R", "0xfa00"
"W", "0xfa00", "0xbb80"
"R", "0xe290"
"W", "0x7530", "0x128e0"
"R", "0xbf68"
"R", "0x4a38"
"W", "0x4268", "0x7d00"
"W", "0xd2f0", "0x7918"
"R", "0xf618"
"W", "0x59d8", "0x17ae8"
"R", "0x14820"
"R", "0x3a98"
"R", "0x15f90"
"R", "0x6d60"
"R", "0x55f0"
"R", "0x124f8"
"W", "0x7530", "0x9470"
"W", "0x17318", "0x16f30"
"W", "0x124f8", "0x32c8"
"R", "0x13c68"
"W", "0x1f40", "0x11558"
"W", "0x2ee0", "0x15ba8"
"W", "0x11940", "0x7918"
"W", "0x6978", "0x1770"
"W", "0x17700", "0xfa00"
"W", "0x7918", "0x59d8"
"R", "0x9470"
"W", "0x13c68", "0x2af8"
"W", "0xdac0", "0xe290"
"W", "0x4268", "0xfa00"
"W", "0xfa0", "0x4268"
"R", "0x6590"
"W", "0x4268", "0x2328"
"R", "0x4a38"
"R", "0x124f8"
"R", "0x11940"
"R", "0xc738"
"W", "0x105b8", "0xee48"
"R", "0x0"
"R", "0x55f0"
"R", "0x8ca0"
"R", "0x80e8"
"R", "0xbb80"
"R", "0x11170"
"R", "0x7d0"
"R", "0xc738"
"R", "0x5208"
"R", "0x105b8"
"R", "0x59d8"
"R", "0x124f8"
"W", "0x1388", "0x182b8"
"W", "0xf618", "0x3e80"
"W", "0xa7f8", "0x9858"
"W", "0xc738", "0xbb8"
"W", "0xd6d8", "0x15f90"
"W", "0xdac0", "0x3a98"
"R", "0x4e20"
"R", "0xcb20"
"R", "0x16760"
"W", "0x7918", "0x4650"
"R", "0x5208"
"W", "0x9470", "0x3e8"
"R", "0x5dc0"
"W", "0x182b8", "0x84d0"
"R", "0xf618"
"R", "0xd2f0"
"W", "0x2710", "0x84d0"
"R", "0x15ba8"
"R", "0x1388"
"R", "0x124f8"
"R", "0xa028"
"W", "0x2ee0", "0x9858"
"R", "0x6590"
"W", "0x8ca0", "0x4a38"
"W", "0x17ae8", "0x14050"
"W", "0xcf08", "0x128e0"
"W", "0x84d0", "0xabe0"
"W", "0x2710", "0x9c40"
"W", "0x14820", "0x13880"
"W", "0xabe0", "0xa410"
"R", "0x4268"
"R", "0xbf68"
"W", "0xcf08", "0x9470"
"R", "0x7d0"
"R", "0xdac0"
"R", "0x80e8"
"R", "0x3e80"
"R", "0x5208"
"W", "0x16b48", "0x16760"
"R", "0xcb20"
"W", "0x17ed0", "0x36b0"
"R", "0x16378"
"W", "0x16760", "0x2710"
"W", "0x182b8", "0x109a0"
"R", "0x109a0"
"R", "0x8ca0"
"W", "0xfa00", "0xee48"
"R", "0x6d60"
"W", "0x182b8", "0x11d28"
"W", "0x101d0", "0x61a8"
"R", "0xbb80"
"W", "0x61a8", "0x1b58"
"W", "0x2328", "0x105b8"
"W", "0x4e20", "0x6d60"
"R", "0x14c08"
"W", "0x153d8", "0x13c68"
"R", "0x182b8"
"W", "0x2af8", "0x84d0"
"R", "0x13c68"
"W", "0x16f30", "0xfde8"
"R", "0x4a38"
"R", "0x16b48"
"R", "0xfa0"
"R", "0x2ee0"
"W", "0xbf68", "0x14438"
"R", "0x13498"
"W", "0xd2f0", "0x12cc8"
"W", "0xbb8", "0x14050"
"R", "0xbb8"
"R", "0x14ff0"
"R", "0x11940"
"R", "0x1f40"
"R", "0x128e0"
"W", "0x9088", "0xe678"
"R", "0x4650"
"W", "0x7d0", "0x5dc0"
"R", "0xbb8"
"R", "0x7d00"
"W", "0xc738", "0x14c08"
"R", "0x16378"
"R", "0x55f0"
"R", "0x80e8"
"W", "0x15f90", "0x16b48"
"R", "0xfa0"
"R", "0x9088"
"W", "0x2328", "0x6d60"
"R", "0x2af8"
"W", "0x9858", "0x7148"
"R", "0xcb20"
"W", "0x14050", "0x2328"
"W", "0xfa00", "0x4a38"
"R", "0xd6d8"
"W", "0x17318", "0xa410"
"W", "0x15f90", "0x14820"
"W", "0x6978", "0x4a38"
"W", "0x2ee0", "0x6d60"
"W", "0x16378", "0x12110"
"R", "0xabe0"
"W", "0xe678", "0x15f90"
"W", "0x17ae8", "0x7148"
"R", "0x12cc8"
"R", "0x11558"
"R", "0x9858"
"R", "0x2ee0"
"R", "0x12cc8"
"W", "0x157c0", "0x8ca0"
"W", "0xdea8", "0xcf08"
"W", "0x84d0", "0x3e80"
"W", "0x6d60", "0xc350"
"R", "0x15ba8"
"W", "0x1388", "0xd2f0"
"W", "0x128e0", "0xa410"
"R", "0x14050"
"R", "0x105b8"
"R", "0x182b8"
"R", "0x182b8"
"R", "0x12cc8"
"R", "0x13498"
"R", "0x2af8"
"W", "0x12cc8", "0x105b8"
"W", "0x16378", "0xbb8"
"W", "0x17ed0", "0x36b0"
"R", "0x4650"
"W", "0x17ae8", "0x2ee0"
"W", "0x6590", "0x4650"
"R", "0x7148"
"W", "0x153d8", "0x2ee0"
"R", "0x9858"
"W", "0x9088", "0x59d8"
"W", "0xcb20", "0x5208"
"W", "0xb3b0", "0x61a8"
"W", "0x14438", "0x6590"
"W", "0x2328", "0x16760"
"W", "0x16b48", "0xfa0"
"R", "0x7d00"
"W", "0x16378", "0x101d0"
"R", "0x7148"
"W", "0x6978", "0x105b8"
"W", "0xfa0", "0x12cc8"
"R", "0xdac0"
"R", "0xdac0"
"R", "0xafc8"
"R", "0xdea8"
"W", "0xe290", "0xabe0"
"W", "0xfa00", "0xa028"
"W", "0x2328", "0x2af8"
"R", "0xbb8"
"R", "0xabe0"
"R", "0xb3b0"
"R", "0x11940"
"R", "0x153d8"
"W", "0x1770", "0x13880"
"W", "0xa7f8", "0x11940"
"R", "0x182b8"
"W", "0x6d60", "0x80e8"
"W", "0x9c40", "0xbb80"
"R", "0x4a38"
"R", "0x11558"
"R", "0x3e8"
"W", "0x1770", "0x2ee0"
"W", "0xafc8", "0xfa00"
"W", "0xbb80", "0xb798"
"W", "0x16378", "0x2af8"
"R", "0x11558"
"W", "0x4e20", "0x9c40"
"R", "0xe678"
"W", "0xfa0", "0xfa0"
"W", "0x1f40", "0x4e20"
"W", "0x11558", "0x1b58"
"R", "0xa410"
"R", "0x16b48"
"R", "0x3e8"
"W", "0x16b48", "0x13c68"
"W", "0x101d0", "0x9c40"
"R", "0x4650"
"R", "0x7d0"
"R", "0x8ca0"
"W", "0x17700", "0x3a98"
"R", "0xabe0"
"W", "0x7d0", "0xabe0"
"R", "0x11170"
"W", "0x59d8", "0x9858"
"R", "0x182b8"
"W", "0x6590", "0xfde8"
"R", "0x182b8"
"W", "0x12110", "0x32c8"
"W", "0xa7f8", "0x128e0"
"R", "0x36b0"
"W", "0x4650", "0xabe0"
"W", "0x157c0", "0x130b0"
"R", "0x8ca0"
"R", "0x9c40"
"R", "0x109a0"
"R", "0x105b8"
"R", "0x12110"
"W", "0x17ae8", "0x14438"
"W", "0x3a98", "0x84d0"
"W", "0x17318", "0xc350"
"W", "0x157c0", "0x7918"
"R", "0x13880"
"R", "0xb798"
"R", "0xa410"
"R", "0x17318"
"R", "0x17700"
"R", "0x4650"
"R", "0xafc8"
"R", "0x2ee0"
"W", "0x11d28", "0xf618"
"W", "0x12cc8", "0xe290"
"W", "0x9088", "0x14ff0"
"R", "0x11d28"
"R", "0x2328"
"R", "0x32c8"
"R", "0xfa00"
"R", "0x2328"
"W", "0x7d00", "0xabe0"
"W", "0x9470", "0x17ae8"
"W", "0xa028", "0x5208"
"R", "0x7530"
"R", "0x7918"
"W", "0xa410", "0x14438"
"W", "0x14820", "0x105b8"
"R", "0x1b58"
"W", "0x7918", "0x14438"
"W", "0xfa0", "0x2710"
"R", "0x7148"
"W", "0xd2f0", "0x6590"
"W", "0x55f0", "0xfa00"
"W", "0x14050", "0x11940"
"W", "0x16f30", "0x17318"
"R", "0x0"
"W", "0x2ee0", "0x14c08"
"R", "0x5208"
"W", "0xea60", "0xafc8"
"R", "0x9858"
"R", "0x14050"
"R", "0x11170"
"W", "0x13c68", "0xa028"
"R", "0xbf68"
"W", "0x7530", "0x7530"
"W", "0x7d00", "0xdea8"
"R", "0x2ee0"
"R", "0x11170"
"R", "0x124f8"
"R", "0x153d8"
"R", "0x55f0"
"R", "0x10d88"
"W", "0x16f30", "0x157c0"
"R", "0x9c40"
"R", "0xdea8"
"R", "0x5dc0"
"R", "0x105b8"
"W", "0x3e8", "0x9858"
"R", "0x14438"
"R", "0x6590"
"W", "0x9858", "0x8ca0"
"W", "0x101d0", "0xd2f0"
"W", "0x13880", "0xee48"
"R", "0x14c08"
"W", "0x17ed0", "0xee48"
"W", "0x15ba8", "0x4268"
"R", "0x14050"
"W", "0x1b58", "0xa410"
"W", "0x13880", "0x105b8"
"R", "0x59d8"
"W", "0x80e8", "0xc738"
"R", "0x13498"
"W", "0x14820", "0x7530"
"W", "0x8ca0", "0x7918"
"R", "0x16f30"
"R", "0x3e8"
"W", "0x1b58", "0xb3b0"
"R", "0x130b0"
"W", "0xdea8", "0x16378"
"W", "0x11170", "0x32c8"
"W", "0x15ba8", "0x14820"
"W", "0x84d0", "0x153d8"
"R", "0xa7f8"
"R", "0x10d88"
"R", "0xa028"
"W", "0x17318", "0x7148"
"W", "0x9858", "0x16378"
"W", "0x7148", "0x59d8"
"W", "0x1388", "0x101d0"
"R", "0x153d8"
"R", "0x80e8"
"W", "0xafc8", "0xbf68"
"W", "0x3e8", "0x2af8"
"R", "0x182b8"
"R", "0x153d8"
"R", "0xa7f8"
"R", "0x4e20"
"W", "0x7530", "0x88b8"
"R", "0x4e20"
"W", "0x9c40", "0x1f40"
"R", "0xcf08"
"R", "0x1770"
"W", "0x6590", "0x6590"
"R", "0xf230"
"W", "0x12110", "0x7d00"
"W", "0x7d00", "0x32c8"
"R", "0xafc8"
"R", "0xbf68"
"W", "0xc350", "0xabe0"
"W", "0x3e80", "0x4268"
"W", "0x2710", "0xa028"
"W", "0x16760", "0x7148"
"W", "0x105b8", "0x16f30"
"R", "0xa7f8"
"W", "0xcb20", "0x55f0"
"W", "0xb3b0", "0x14820"
"W", "0x5208", "0xee48"
"W", "0xfa0", "0x17700"
"R", "0x14c08"
"W", "0x17700", "0x14438"
"W", "0x9470", "0x7918"
"W", "0x1770", "0x1770"
"W", "0x12cc8", "0x12cc8"
"W", "0x2ee0", "0x13498"
"R", "0x61a8"
"R", "0x130b0"
"R", "0xdac0"
"W", "0x128e0", "0x11558"
"W", "0x15ba8", "0x15f90"
"W", "0x3e80", "0xc738"
"W", "0xfa00", "0x7148"
"W", "0x153d8", "0xcf08"
"R", "0x59d8"
"R", "0x14438"
"W", "0xf230", "0x80e8"
"W", "0xe290", "0x130b0"
"W", "0xa028", "0x2710"
"W", "0x2710", "0x2ee0"
"W", "0x6d60", "0x11d28"
"W", "0x9088", "0x101d0"
"W", "0xf230", "0x13498"
"W", "0x2710", "0x6d60"
"W", "0xcb20", "0x5208"
"W", "0x17ae8", "0x157c0"
"R", "0x14050"
"R", "0x59d8"
"R", "0x16f30"
"W", "0x14ff0", "0x59d8"
"R", "0x13c68"
"W", "0x3e8", "0x157c0"
"W", "0x7918", "0xbf68"
"W", "0x1f40", "0x84d0"
"W", "0x101d0", "0xbb8"
"W", "0x9470", "0x128e0"
"W", "0x14820", "0xc350"
"W", "0xb798", "0xc738"
"W", "0x16f30", "0x14ff0"
"W", "0x61a8", "0x12110"
"R", "0xa7f8"
"R", "0xd6d8"
"W", "0xfde8", "0xbf68"
"R", "0x12cc8"
"R", "0x3e8"
"R", "0xbb80"
"W", "0x6978", "0xcb20"
"W", "0x182b8", "0xcf08"
"R", "0x4e20"
"R", "0x17ae8"
"R", "0x0"
"W", "0x9858", "0x182b8"
"R", "0x11d28"
"W", "0xd2f0", "0xcf08"
"R", "0xbf68"
"R", "0x4a38"
"W", "0x17ed0", "0x88b8"
"W", "0x1f40", "0x7918"
"W", "0x8ca0", "0x55f0"
"R", "0x7918"
"W", "0x17ae8", "0x11d28"
"W", "0xc738", "0x61a8"
"R", "0x14438"
"W", "0x16b48", "0xdea8"
"W", "0x9858", "0x16378"
"R", "0x11d28"
"R", "0xbb80"
"W", "0x4650", "0x128e0"
"W", "0x7d00", "0x109a0"
"W", "0x17700", "0x17ed0"
"W", "0x9088", "0x84d0"
"R", "0xabe0"
"W", "0x16760", "0x2328"
"W", "0x124f8", "0x17ed0"
"R", "0x17ae8"
"R", "0x13c68"
"W", "0x15ba8", "0x16378"
"R", "0x1388"
"W", "0x182b8", "0x61a8"
"W", "0x9088", "0x8ca0"
"W", "0x16f30", "0x157c0"
"W", "0xe678", "0x13c68"
"W", "0x15ba8", "0x7d0"
"R", "0xfde8"
"W", "0xe678", "0xa7f8"
"W", "0x5208", "0xf618"
"R", "0x16378"
"W", "0x7148", "0xd6d8"
"W", "0x55f0", "0xdac0"
"W", "0x61a8", "0x17ed0"
"W", "0x9470", "0x5208"
"W", "0x1388", "0x5dc0"
"W", "0x1b58", "0xa410"
"W", "0x9c40", "0x36b0"
"W", "0x9c40", "0x88b8"
"R", "0x17318"
"R", "0x8ca0"
"R", "0x9088"
"R", "0x13880"
"R", "0xf618"
"R", "0x13498"
"W", "0x1f40", "0xe678"
"R", "0x2710"
"W", "0x2af8", "0xa7f8"
"R", "0x14c08"
"R", "0xf618"
"R", "0xea60"
"R", "0x6978"
"W", "0x12cc8", "0xbf68"
"R", "0x7148"
"W", "0x6d60", "0xe290"
"W", "0xee48", "0x84d0"
"W", "0xfa00", "0x12cc8"
"R", "0x2710"
"R", "0x36b0"
"R", "0x17318"
"W", "0x4650", "0x128e0"
"W", "0x16378", "0xea60"
"R", "0x1388"
"R", "0xbb80"
"W", "0xfa00", "0x32c8"
"R", "0x17318"
"R", "0x59d8"
"W", "0xb3b0", "0xf618"
"W", "0x7530", "0x2710"
"W", "0x15ba8", "0x16760"
"W", "0x15ba8", "0xa028"
"W", "0xfa0", "0x88b8"
"W", "0xfde8", "0x4e20"
"W", "0x84d0", "0xf230"
"W", "0x128e0", "0x4268"
"R", "0x7918"
"W", "0x14c08", "0xc738"
"W", "0x88b8", "0x61a8"
"W", "0x5dc0", "0x6d60"
"W", "0xd6d8", "0xc350"
"W", "0x14438", "0xb3b0"
"W", "0xd6d8", "0x14c08"
"W", "0x14438", "0x11170"
"W", "0x3e80", "0x32c8"
"R", "0x1388"
"R", "0x6590"
"R", "0x9c40"
"W", "0x16378", "0xdea8"
"R", "0xa028"
"W", "0x2328", "0xc738"
"W", "0x88b8", "0x1770"
"W", "0xa7f8", "0xc738"
"R", "0xc738"
"R", "0x7530"
"R", "0x15f90"
"R", "0x109a0"
"W", "0x1b58", "0x11d28"
"R", "0xf230"
"R", "0xe290"
"R", "0xb798"
"W", "0x7148", "0x17ed0"
"R", "0x13498"
"W", "0x9c40", "0x16f30"
"W", "0xa028", "0x36b0"
"W", "0xcf08", "0x1770"
"W", "0x13880", "0xea60"
"W", "0x130b0", "0x9858"
"W", "0x14c08", "0x1f40"
"W", "0xea60", "0x7918"
"R", "0x11d28"
"R", "0x2328"
"R", "0xea60"
"W", "0x12110", "0x17700"
"R", "0x17ae8"
"R", "0x14050"
"W", "0x14820", "0x2328"
"R", "0x1f40"
"W", "0x17700", "0x101d0"
"W", "0x2710", "0xe290"
"W", "0xbf68", "0x0"
"R", "0x6978"
"W", "0x13880", "0x17ed0"
"R", "0xfde8"
"W", "0x11170", "0x17ae8"
"W", "0x5dc0", "0x6d60"
"R", "0xa410"
"W", "0xdea8", "0x16b48"
"W", "0x153d8", "0xfde8"
"W", "0x5dc0", "0xbb80"
"W", "0xbb80", "0xfde8"
"R", "0xfde8"
"R", "0x14c08"
"W", "0x16378", "0xcf08"
"R", "0x7918"
"R", "0x1388"
"R", "0x14050"
"W", "0x2ee0", "0x3a98"
"R", "0x11940"
"R", "0x8ca0"
"R", "0x4e20"
"R", "0x17318"
"R", "0xa7f8"
"W", "0x6978", "0x7d00"
"R", "0x32c8"
"W", "0x16b48", "0x15f90"
"R", "0xc350"
"W", "0xbb8", "0x14820"
"W", "0xb798", "0x55f0"
"W", "0xc350", "0x15ba8"
"R", "0x16b48"
"W", "0x14050", "0xabe0"
"W", "0x32c8", "0x7148"
"W", "0xcb20", "0xa028"
"R", "0x4e20"
"R", "0x4e20"
"W", "0x13c68", "0x16378"
"R", "0xfde8"
"W", "0x101d0", "0x5dc0"
"W", "0x14050", "0x124f8"
"W", "0x13498", "0xdac0"
"W", "0x157c0", "0xabe0"
"W", "0xe678", "0x9470"
"W", "0x16b48", "0xa7f8"
"W", "0x17ed0", "0xdea8"
"W", "0x7530", "0x5dc0"
"R", "0xdea8"
"R", "0xcb20"
"W", "0x10d88", "0x0"
"W", "0xf230", "0xc350"
"W", "0x11d28", "0x2ee0"
"R", "0x10d88"
"W", "0xf618", "0xfde8"
"R", "0xa7f8"
"W", "0xcf08", "0x16f30"
"W", "0xc350", "0x55f0"
"R", "0x14820"
"W", "0x14050", "0x0"
"W", "0x4a38", "0xbb8"
"W", "0x1b58", "0x8ca0"
"R", "0x16f30"
"R", "0x4e20"
"R", "0x17ae8"
"R", "0xafc8"
"R", "0x17ae8"
"W", "0x9858", "0xbb8"
"R", "0xb3b0"
"W", "0x14ff0", "0xabe0"
"W", "0x6978", "0xfde8"
"R", "0x3e8"
"W", "0x1b58", "0x9470"
"R", "0xd2f0"
"R", "0xee48"
"R", "0x7d0"
"R", "0xfa00"
"R", "0x3e80"
"W", "0x11940", "0x4e20"
"R", "0x0"
"W", "0xb3b0", "0x61a8"
"W", "0xee48", "0xfa0"
"W", "0xfa0", "0xa7f8"
"R", "0xa028"
"W", "0x6590", "0xd2f0"
"W", "0x130b0", "0x8ca0"
"R", "0xbf68"
"W", "0x15f90", "0xfa00"
"R", "0xee48"
"R", "0x130b0"
"W", "0x2ee0", "0xe290"
"W", "0xbb8", "0x4e20"
"W", "0x61a8", "0x15ba8"
"R", "0xbb80"
"R", "0xc350"
"W", "0x36b0", "0x17ed0"
"W", "0x2ee0", "0xb3b0"
"W", "0x6978", "0x10d88"
"W", "0x11d28", "0xafc8"
"R", "0x2328"
"R", "0x7148"
"W", "0x14820", "0x105b8"
"R", "0x36b0"
"R", "0xcb20"
"R", "0x17318"
"W", "0x17ed0", "0xcf08"
"R", "0xb3b0"
"R", "0x61a8"
"R", "0x16760"
"W", "0x13c68", "0xcf08"
"R", "0x55f0"
"R", "0x88b8"
"R", "0x101d0"
"R", "0xdea8"
"W", "0x13c68", "0x59d8"
"R", "0x182b8"
"R", "0x36b0"
"W", "0x130b0", "0x7d0"
"W", "0x8ca0", "0x153d8"
"W", "0x6d60", "0x36b0"
"W", "0x55f0", "0xb3b0"
"W", "0x0", "0x7148"
"R", "0x0"
"R", "0x10d88"
"W", "0xf230", "0xfa0"
"W", "0x12cc8", "0x153d8"
"R", "0x3e80"
"R", "0x16f30"
"W", "0x8ca0", "0x109a0"
"R", "0xb3b0"
"R", "0xfde8"
"R", "0x1770"
"R", "0x14ff0"
"R", "0x9470"
"W", "0x2ee0", "0x32c8"
"R", "0x14ff0"
"W", "0xa410", "0xbb80"
"W", "0x9088", "0x9088"
"R", "0x9c40"
"W", "0x7530", "0x4268"
"W", "0x130b0", "0xb3b0"
"R", "0x128e0"
"W", "0x88b8", "0xb3b0"
"R", "0x11558"
"W", "0x61a8", "0xcf08"
"W", "0x7d00", "0x1b58"
"R", "0x2710"
"R", "0x6d60"
"R", "0xe678"
"W", "0x1388", "0xc738"
"R", "0xc738"
"R", "0x36b0"
"W", "0x13880", "0x109a0"
"W", "0x17ed0", "0x13498"
"R", "0x13498"
"R", "0x16b48"
"R", "0x4650"
"W", "0x12110", "0x7148"
"W", "0x2af8", "0x7530"
"R", "0x1b58"
"W", "0x157c0", "0x4a38"
"R", "0xd2f0"
"W", "0x157c0", "0xa028"
"W", "0x59d8", "0x157c0"
"W", "0xe290", "0x182b8"
"W", "0xd2f0", "0x4268"
"R", "0x59d8"
"W", "0x5208", "0xcf08"
"W", "0x0", "0x101d0"
"R", "0x14ff0"
"W", "0x11940", "0xf230"
"W", "0x3e8", "0x157c0"
"R", "0x182b8"
"W", "0xcf08", "0xbb8"
"R", "0xd6d8"
"W", "0xbf68", "0x15ba8"
"W", "0xea60", "0x5dc0"
"R", "0x15ba8"
"W", "0x14050", "0x3a98"
"R", "0x6590"
"R", "0x17ed0"
"W", "0x61a8", "0xe678"
"W", "0x12110", "0x32c8"
"R", "0x3e80"
"R", "0x4268"
"R", "0x12110"
"R", "0xdea8"
"W", "0xb798", "0x17318"
"R", "0x124f8"
"W", "0x17318", "0x105b8"
"W", "0xd2f0", "0x1770"
"R", "0xfa00"
"W", "0x6590", "0x11d28"
"W", "0x17ae8", "0x15f90"
"R", "0x14050"
"R", "0xdea8"
"W", "0x11558", "0x9470"
"W", "0x16378", "0xee48"
"W", "0xdea8", "0x1f40"
"R", "0x15f90"
"W", "0xbb8", "0x182b8"
"R", "0x14ff0"
"W", "0x14050", "0x3a98"
"R", "0x1f40"
"R", "0x7d0"
"R", "0x15ba8"
"R", "0x13c68"
"R", "0x7530"
"R", "0x11940"
"R", "0x7918"
"R", "0x7918"
"R", "0x4a38"
"R", "0x16378"
"W", "0xea60", "0x5dc0"
"R", "0x2328"
"W", "0x16378", "0xe290"
"R", "0xa7f8"
"R", "0x88b8"
"W", "0x14050", "0x13c68"
"R", "0x80e8"
"W", "0x13498", "0x14c08"
"W", "0xc350", "0x0"
"W", "0x61a8", "0x4268"
"W", "0xabe0", "0xabe0"
"R", "0xc350"
"W", "0x13880", "0x14438"
"R", "0x14ff0"
"R", "0xcf08"
"R", "0x1b58"
"W", "0xabe0", "0xbb80"
"R", "0x14438"
"R", "0xa7f8"
"W", "0x157c0", "0x101d0"
"W", "0x88b8", "0x6590"
"R", "0xd6d8"
"W", "0x3e80", "0x2af8"
"W", "0x4650", "0x2ee0"
"R", "0x14c08"
"W", "0xbb8", "0x14820"
"W", "0x153d8", "0x11558"
"W", "0x101d0", "0xe678"
"W", "0xb3b0", "0x13498"
"W", "0x13c68", "0x9858"
"R", "0x3a98"
"W", "0x130b0", "0xafc8"
"R", "0xbb80"
"W", "0xfa00", "0x1f40"
"W", "0x11170", "0x14438"
"R", "0x2328"
"W", "0x5208", "0x14050"
"R", "0xdac0"
"R", "0x13c68"
"R", "0x7148"
"R", "0x13c68"
"W", "0x4650", "0x7530"
"W", "0x1388", "0x36b0"
"R", "0x16378"
"W", "0xd6d8", "0x59d8"
"W", "0x10d88", "0x17318"
"R", "0x9858"
"W", "0xe290", "0x105b8"
"W", "0x6978", "0x13880"
"R", "0x4a38"
"R", "0xb798"
"R", "0x1770"
"W", "0x59d8", "0xfde8"
"R", "0x16760"
"W", "0x2710", "0x4268"
"R", "0xbf68"
"W", "0x7148", "0x5dc0"
"R", "0x88b8"
"W", "0x0", "0x13880"
"W", "0xea60", "0x5208"
"W", "0xbf68", "0xfde8"
"W", "0x6978", "0x4650"
"W", "0x7148", "0x109a0"
"W", "0x7918", "0xa410"
"R", "0xb798"
"R", "0x7d00"
"W", "0x55f0", "0x11d28"